stop_id,stop_code,stop_name,stop_desc,stop_lat,stop_lon,zone_id,stop_url,location_type,parent_station,stop_timezone
139521,PA545,JOSE MARIA GONZALEZ TREVILLA 14,Parada,43.4832668888182,-3.79635652829939,,,,,Europe/Madrid
83969,PA328,ARSENIO ODRIOZOLA 16,Parada,43.4836234589449,-3.79280673918369,,,,,Europe/Madrid
84481,PA330,DOCTOR DIEGO MADRAZO,Parada,43.4825165537011,-3.79582829766315,,,,,Europe/Madrid
51201,PA200,CONSUELO BERGÉS 16,Parada,43.4794669200316,-3.79808730539511,,,,,Europe/Madrid
51457,PA201,CONCHA ESPINA 18,Parada,43.4790910606303,-3.79712270575665,,,,,Europe/Madrid
42753,PA167,MANUEL GONZALEZ HOYOS 39,Parada,43.4806304361972,-3.7956863101187,,,,,Europe/Madrid
43009,PA168,VALDENOJA 25,Parada,43.4808153048354,-3.79265179550503,,,,,Europe/Madrid
43265,PA169,VALDENOJA 3,Parada,43.4810943143148,-3.78984650762866,,,,,Europe/Madrid
130817,PA511,INTERCAMBIADOR DEL SARDINERO 1,Parada,43.4774244857128,-3.79076746568858,,,,,Europe/Madrid
7425,PA29,PLAZA DOCTOR FLEMING,Parada,43.4756419323499,-3.78882341385226,,,,,Europe/Madrid
7681,PA30,PIQUIO,Parada,43.4735579725986,-3.78450824587367,,,,,Europe/Madrid
7937,PA31,PLAZA DE ITALIA,Parada,43.4718115656364,-3.78191106122666,,,,,Europe/Madrid
8193,PA32,REINA VICTORIA 129,Parada,43.4709166346751,-3.77857327685106,,,,,Europe/Madrid
8449,PA33,LA MAGDALENA,Parada,43.4689466100615,-3.7769300392847,,,,,Europe/Madrid
8705,PA34,GONZALEZ DE RIANCHO,Parada,43.4658624764255,-3.78019523081977,,,,,Europe/Madrid
8961,PA35,REINA VICTORIA 79,Parada,43.4643102311515,-3.78365764702866,,,,,Europe/Madrid
9217,PA36,SAN MARTIN,Parada,43.4635016261112,-3.78816645072118,,,,,Europe/Madrid
9473,PA37,CASTELAR 29,Parada,43.4628752088701,-3.7929696230316,,,,,Europe/Madrid
9729,PA38,CASTELAR 1,Parada,43.46309226622,-3.79616155363065,,,,,Europe/Madrid
9985,PA39,PASEO DE PEREDA,Parada,43.4619846303897,-3.80153788914147,,,,,Europe/Madrid
10241,PA40,CORREOS,Parada,43.4615090125709,-3.80692812238098,,,,,Europe/Madrid
10497,PA41,PLAZA AYUNTAMIENTO,Parada,43.4615990432387,-3.81008718285374,,,,,Europe/Madrid
10753,PA42,JESUS DE MONASTERIO 12,Parada,43.4617636050236,-3.81273091163436,,,,,Europe/Madrid
11009,PA43,SAN FERNANDO 22,Parada,43.4603439263986,-3.81977706808184,,,,,Europe/Madrid
11265,PA44,SAN FERNANDO 66,Parada,43.4591647872311,-3.82417696851699,,,,,Europe/Madrid
11521,PA45,AVENIDA DE VALDECILLA,Parada,43.4574790013012,-3.83032498785678,,,,,Europe/Madrid
131073,PA512,INTERCAMBIADOR AVENIDA VALDECILLA,Parada,43.4567567776573,-3.8315626465784,,,,,Europe/Madrid
11777,PA46,TORRES QUEVEDO 22,Parada,43.457251052785,-3.83711017815264,,,,,Europe/Madrid
12033,PA47,PLAZA MANUEL LLANO,Parada,43.4581465033851,-3.84062273337691,,,,,Europe/Madrid
12289,PA48,JOSE MARIA COSSIO 12,Parada,43.4597736294284,-3.84141055764879,,,,,Europe/Madrid
12545,PA49,JOSE MARIA COSSIO 24,Parada,43.4597565477049,-3.84343531530495,,,,,Europe/Madrid
12801,PA50,JOSE MARIA COSSIO 44,Parada,43.4593976856933,-3.84654740434515,,,,,Europe/Madrid
13057,PA51,JOSE MARIA COSSIO 52,Parada,43.4590843903962,-3.84849569255815,,,,,Europe/Madrid
13313,PA52,LOS CIRUELOS 26,Parada,43.4583599310455,-3.85235375089988,,,,,Europe/Madrid
13569,PA53,INSTITUTO ALISAL,Parada,43.4577231465112,-3.85563274423038,,,,,Europe/Madrid
87553,PA342,CARREFOUR ALISAL,Parada,43.4561995199228,-3.86123472776927,,,,,Europe/Madrid
87297,PA341,DECATHLON,Parada,43.4551729802489,-3.8639507612575,,,,,Europe/Madrid
116481,PA455,JOAQUIN RODRIGO 10,Parada,43.4545321836378,-3.86565992710969,,,,,Europe/Madrid
125185,PA489,ALBERT EINSTEIN 14,Parada,43.4529454081933,-3.86994785749337,,,,,Europe/Madrid
124929,PA488,PCTCAN-UNEATLANTICO,Parada,43.4512601264004,-3.87677782426401,,,,,Europe/Madrid
124673,PA487,PCTCAN 3,Parada,43.4503107327038,-3.87437742766303,,,,,Europe/Madrid
116225,PA454,PCTCAN 1,Parada,43.4527219063465,-3.86994996756204,,,,,Europe/Madrid
86529,PA338,GLORIETA DE ADARZO,Parada,43.4544582631958,-3.86545715700647,,,,,Europe/Madrid
87809,PA343,JOAQUIN RODRIGO,Parada,43.456133542221,-3.86104035160623,,,,,Europe/Madrid
257,PA1,LOS CIRUELOS 47,Parada,43.4575713205044,-3.8554662061835,,,,,Europe/Madrid
513,PA2,LOS CIRUELOS 27,Parada,43.4581501063009,-3.85238133379179,,,,,Europe/Madrid
769,PA3,JOSE MARIA COSSIO 54,Parada,43.4589195936725,-3.84840117496617,,,,,Europe/Madrid
1025,PA4,JOSE MARIA COSSIO 33,Parada,43.459326389629,-3.8461193365804,,,,,Europe/Madrid
1281,PA5,JOSE MARIA COSSIO 17,Parada,43.4596061342151,-3.84301381297322,,,,,Europe/Madrid
1537,PA6,JOSE MARIA COSSIO 1,Parada,43.459629674041,-3.84079557539354,,,,,Europe/Madrid
1793,PA7,MANUEL LLANO,Parada,43.4578768000652,-3.84107918534354,,,,,Europe/Madrid
2049,PA8,INSTITUTO TORRES QUEVEDO,Parada,43.4569344244486,-3.83638964042915,,,,,Europe/Madrid
130305,PA509,INTERCAMBIADOR DE VALDECILLA,Parada,43.4566394119201,-3.83128342183414,,,,,Europe/Madrid
2305,PA9,VALDECILLA,Parada,43.4573101689131,-3.82999054771633,,,,,Europe/Madrid
2561,PA10,CUATRO CAMINOS,Parada,43.4586865202311,-3.82529481614416,,,,,Europe/Madrid
2817,PA11,SAN FERNANDO,Parada,43.4601776312416,-3.81986307950338,,,,,Europe/Madrid
130561,PA510,JESÚS DE MONASTERIO 7,Parada,43.46157552506,-3.81066118270617,,,,,Europe/Madrid
3585,PA14,CORREOS,Parada,43.4614051249176,-3.80644019414584,,,,,Europe/Madrid
3841,PA15,JARDINES DE PEREDA,Parada,43.4616495090191,-3.80344664802017,,,,,Europe/Madrid
4097,PA16,PUERTO CHICO,Parada,43.4621022682274,-3.79732142526089,,,,,Europe/Madrid
4353,PA17,CASTELAR,Parada,43.4626716846653,-3.79283085986792,,,,,Europe/Madrid
4609,PA18,REINA VICTORIA 18,Parada,43.4633627879886,-3.78823065872432,,,,,Europe/Madrid
4865,PA19,AVENIDA REINA VICTORIA,Parada,43.46445030939,-3.78272859377846,,,,,Europe/Madrid
5121,PA20,AVENIDA REINA VICTORIA 38,Parada,43.4662395950059,-3.77932099025725,,,,,Europe/Madrid
5377,PA21,LA MAGDALENA,Parada,43.4686493773333,-3.7763605039088,,,,,Europe/Madrid
5633,PA22,LUIS MARTINEZ,Parada,43.4710159523902,-3.77849381912169,,,,,Europe/Madrid
5889,PA23,PLAZA DE ITALIA 3,Parada,43.4720536947027,-3.78205512886565,,,,,Europe/Madrid
6145,PA24,PARQUE PIQUIO,Parada,43.4742145232056,-3.78502539849094,,,,,Europe/Madrid
6401,PA25,DOCTOR FLEMING,Parada,43.4755655820446,-3.78811765379358,,,,,Europe/Madrid
132353,PA517,LOS AGUSTINOS,Parada,43.4774852973085,-3.79058043887576,,,,,Europe/Madrid
50433,PA197,VALDENOJA 32,Parada,43.4812511418939,-3.78965478407176,,,,,Europe/Madrid
50689,PA198,VALDENOJA 50,Parada,43.4808982609753,-3.79310223946237,,,,,Europe/Madrid
50945,PA199,MANUEL GONZALEZ HOYOS 7,Parada,43.4806535051144,-3.79580012698015,,,,,Europe/Madrid
85249,PA333,CONSUELO BERGÉS 22,Parada,43.4784644298648,-3.801324966973,,,,,Europe/Madrid
83457,PA326,JOSE MARIA GONZALEZ TREVILLA 4,Parada,43.4817940797883,-3.79608331169151,,,,,Europe/Madrid
119809,PA468,VICENTE TRUEBA,Parada,43.4599094210902,-3.8565770695175,,,,,Europe/Madrid
120065,PA469,BARRIO LA SIERRA 10,Parada,43.4612568333169,-3.85787179359787,,,,,Europe/Madrid
85505,PA334,JULIO JAURENA ,Parada,43.4629082178279,-3.86583731735434,,,,,Europe/Madrid
84737,PA331,CORBAN,Parada,43.4647284978482,-3.86733637209875,,,,,Europe/Madrid
78081,PA305,CARREFOUR PEÑACASTILLO,Parada,43.4451232622513,-3.85345702616697,,,,,Europe/Madrid
78337,PA306,FRANCISCO RIVAS MORENO,Parada,43.4467312119757,-3.85094912471614,,,,,Europe/Madrid
78593,PA307,NUEVO PARQUE,Parada,43.4457938486442,-3.84828612544158,,,,,Europe/Madrid
78849,PA308,SAN MARTÍN DEL PINO 13,Parada,43.4436820061011,-3.85239919674582,,,,,Europe/Madrid
141057,PA551,MARIA GUERRERO,Parada,43.4425647473748,-3.85499268787259,,,,,Europe/Madrid
125953,PA492,CENTRO DE SALUD NUEVA MONTAÑA,Parada,43.4398133401039,-3.85531352239201,,,,,Europe/Madrid
126209,PA493,GERTRUDIS GOMEZ DE AVELLANEDA,Parada,43.4385883917275,-3.85345880935744,,,,,Europe/Madrid
126465,PA494,EUSEBIO SANTAMARIA 1,Parada,43.441156559909,-3.85122908298549,,,,,Europe/Madrid
79105,PA309,SANTIAGO EL MAYOR,Parada,43.4397296030698,-3.84757561556241,,,,,Europe/Madrid
79361,PA310,FRANCISCO TOMÁS Y VALIENTE 23,Parada,43.4390184279212,-3.84413381184998,,,,,Europe/Madrid
79617,PA311,FRANCISCO TOMÁS Y VALIENTE 11,Parada,43.4391689924877,-3.84214199587331,,,,,Europe/Madrid
27649,PA108,PUENTE LA MARGA,Parada,43.4526176058763,-3.82765440355925,,,,,Europe/Madrid
114945,PA449,VALDECILLA SUR,Parada,43.454573785179,-3.82739285291464,,,,,Europe/Madrid
27905,PA109,JERONIMO SAINZ DE LA MAZA 9,Parada,43.4559699259931,-3.82695320189652,,,,,Europe/Madrid
3073,PA12,JESUS DE MONASTERIO 21,Parada,43.461651692403,-3.81234941999379,,,,,Europe/Madrid
84993,PA332,CRUCE CON RUCANDIAL,Parada,43.4627868168786,-3.86588799795834,,,,,Europe/Madrid
119297,PA466,BARRIO LA SIERRA,Parada,43.4608466113072,-3.85856588941355,,,,,Europe/Madrid
119553,PA467,VICENTE TRUEBA 19,Parada,43.4599934327099,-3.85673301735152,,,,,Europe/Madrid
113665,PA444,PASEO DE PEREDA 35,Parada,43.4623320640085,-3.79800433556035,,,,,Europe/Madrid
19713,PA77,CALVO SOTELO 1,Parada,43.4614154631293,-3.80924576018479,,,,,Europe/Madrid
19969,PA78,CAJO 2,Parada,43.4552822774296,-3.83280675918089,,,,,Europe/Madrid
20225,PA79,CAJO 10,Parada,43.4546077394353,-3.83492157402147,,,,,Europe/Madrid
20481,PA80,PARQUE DOCTOR MORALES,Parada,43.454213096534,-3.83831550476073,,,,,Europe/Madrid
20737,PA81,LAS CALIFORNAS,Parada,43.4544772888532,-3.84288210376357,,,,,Europe/Madrid
20993,PA82,CAMPOGIRO 90,Parada,43.4530509721926,-3.84693247111274,,,,,Europe/Madrid
21249,PA83,ALTO DE LA PEÑA,Parada,43.4511174086301,-3.84913992607301,,,,,Europe/Madrid
21505,PA84,EL EMPALME 6,Parada,43.4489465768797,-3.85287653857613,,,,,Europe/Madrid
21761,PA85,LOS LLANOS,Parada,43.4480444575549,-3.85790423479222,,,,,Europe/Madrid
22017,PA86,ESCUELAS PEÑACASTILLO,Parada,43.4475629363888,-3.86060804104441,,,,,Europe/Madrid
22273,PA87,CALLE LA PEÑA,Parada,43.4478033562042,-3.86367577951241,,,,,Europe/Madrid
134401,PA525,CAMARREAL 40,Parada,43.4472716459753,-3.86725688731296,,,,,Europe/Madrid
22529,PA88,CAMARREAL 68,Parada,43.4464236508606,-3.87016826599692,,,,,Europe/Madrid
90369,PA353,CAMARREAL 136,Parada,43.4441883639949,-3.87553106655961,,,,,Europe/Madrid
22785,PA89,DEPOSITO MUNICIPAL,Parada,43.441377154781,-3.87781863965064,,,,,Europe/Madrid
23041,PA90,BARRIO LAS TEJERAS,Parada,43.438876592305,-3.87823856967846,,,,,Europe/Madrid
13825,PA54,BARRIO DE OJAIZ 7,Parada,43.4413827477806,-3.88164356632304,,,,,Europe/Madrid
114433,PA447,OJAIZ 166,Parada,43.4407359105867,-3.88569351588237,,,,,Europe/Madrid
114177,PA446,OJAIZ 89,Parada,43.4407204954925,-3.88545170749376,,,,,Europe/Madrid
90881,PA355,OJAIZ,Parada,43.4416956613531,-3.88037974690838,,,,,Europe/Madrid
90113,PA352,CAMARREAL 135,Parada,43.4443596257244,-3.87518998605196,,,,,Europe/Madrid
14337,PA56,CAMARREAL 109,Parada,43.4462294753789,-3.87051695286424,,,,,Europe/Madrid
134657,PA526,CAMARREAL 51,Parada,43.4471267495047,-3.86736604327333,,,,,Europe/Madrid
14593,PA57,IGLESIA LA PEÑA,Parada,43.447745840546,-3.86408996422588,,,,,Europe/Madrid
14849,PA58,PEÑACASTILLO ESCUELAS,Parada,43.447487712336,-3.86049352237241,,,,,Europe/Madrid
15105,PA59,LOS LLANOS,Parada,43.4479546015965,-3.85789134731379,,,,,Europe/Madrid
15361,PA60,EL EMPALME,Parada,43.4487320176642,-3.85335749546391,,,,,Europe/Madrid
15617,PA61,CAMPOGIRO 23,Parada,43.4509556423844,-3.84909811251037,,,,,Europe/Madrid
15873,PA62,CAMPOGIRO,Parada,43.453576629961,-3.84608277783044,,,,,Europe/Madrid
16129,PA63,CAMPOGIRO 5,Parada,43.4544756262832,-3.84237470188062,,,,,Europe/Madrid
16385,PA64,CAJO 17,Parada,43.4541060698876,-3.83826174336484,,,,,Europe/Madrid
16641,PA65,CAJO 5,Parada,43.4548531317524,-3.83375828145695,,,,,Europe/Madrid
66817,PA261,CASIMIRO SAINZ 6,Parada,43.4641081528635,-3.79654550175521,,,,,Europe/Madrid
17665,PA69,UIMP,Parada,43.4719420188181,-3.79562890788898,,,,,Europe/Madrid
17921,PA70,ESCUELA DE CAMINOS,Parada,43.4711745747024,-3.79941230884509,,,,,Europe/Madrid
18177,PA71,INTERFACULTATIVO,Parada,43.4704145730722,-3.80345138508466,,,,,Europe/Madrid
18433,PA72,RECTORADO,Parada,43.4701261812883,-3.80573933299104,,,,,Europe/Madrid
56065,PA219,AVENIDA LOS CASTROS 83,Parada,43.4697189241685,-3.80758888570956,,,,,Europe/Madrid
18689,PA73,LOS CASTROS 63,Parada,43.4702825553504,-3.80345359204674,,,,,Europe/Madrid
18945,PA74,PARQUE LA TEJA,Parada,43.471123479622,-3.7989802755046,,,,,Europe/Madrid
19201,PA75,LOS CASTROS 53,Parada,43.4717896489735,-3.79552800004326,,,,,Europe/Madrid
19457,PA76,CASIMIRO SAINZ 9,Parada,43.4641391710265,-3.79673306975394,,,,,Europe/Madrid
133889,PA523,MIRANDA,Parada,43.4686560251148,-3.78774770282693,,,,,Europe/Madrid
28417,PA111,MENENDEZ PELAYO 97,Parada,43.4672240829759,-3.79207345206302,,,,,Europe/Madrid
28673,PA112,MENENDEZ PELAYO 61,Parada,43.4666243216058,-3.79587030243382,,,,,Europe/Madrid
118017,PA461,MENENDEZ PELAYO 25,Parada,43.465748610534,-3.79799539065255,,,,,Europe/Madrid
28929,PA113,VALLICIERGO 7,Parada,43.4646442656775,-3.80024571989527,,,,,Europe/Madrid
29185,PA114,SANTA LUCIA 1,Parada,43.4638950760445,-3.80375466239194,,,,,Europe/Madrid
29441,PA115,GUEVARA 21,Parada,43.4636570886857,-3.80733324433928,,,,,Europe/Madrid
29697,PA116,PLAZA DE LOS REMEDIOS,Parada,43.4626626597193,-3.80858164201663,,,,,Europe/Madrid
34049,PA133,CAMILO ALONSO VEGA 10,Parada,43.4594073736742,-3.82633318456185,,,,,Europe/Madrid
30209,PA118,CAMILO ALONSO VEGA 22,Parada,43.4605382296154,-3.82533447248158,,,,,Europe/Madrid
30465,PA119,CAMILO ALONSO VEGA 32,Parada,43.462343462038,-3.82360331489666,,,,,Europe/Madrid
30721,PA120,LAS MERCEDARIAS,Parada,43.4643454685143,-3.81965684905706,,,,,Europe/Madrid
30977,PA121,GENERAL DAVILA 89,Parada,43.4651998384071,-3.81766374015643,,,,,Europe/Madrid
31233,PA122,GENERAL DAVILA 87,Parada,43.4671130615651,-3.81466205917392,,,,,Europe/Madrid
120321,PA470,GENERAL DAVILA 77,Parada,43.4674556695605,-3.8118400610127,,,,,Europe/Madrid
31489,PA123,LOS SALESIANOS,Parada,43.4673217665343,-3.8086145857817,,,,,Europe/Madrid
31745,PA124,PRADO SAN ROQUE,Parada,43.467188538139,-3.80616192074391,,,,,Europe/Madrid
32001,PA125,GENERAL DAVILA 41,Parada,43.4676876336864,-3.80102690113031,,,,,Europe/Madrid
32257,PA126,SANTA CLOTILDE,Parada,43.4684439120697,-3.79756106936302,,,,,Europe/Madrid
32513,PA127,BAJADA DE LA ENCINA 1,Parada,43.4687932927791,-3.79153477275802,,,,,Europe/Madrid
32769,PA128,FERNANDO CALDERÓN RUEDA 6,Parada,43.4703914104589,-3.78909287035677,,,,,Europe/Madrid
82945,PA324,PLAZA DE SAN MARTIN,Parada,43.4636761734586,-3.78771577887625,,,,,Europe/Madrid
26369,PA103,LAS ESTACIONES,Parada,43.4590395466482,-3.81066387970193,,,,,Europe/Madrid
26625,PA104,CALLE CASTILLA 27,Parada,43.4574236833159,-3.81276312228878,,,,,Europe/Madrid
26881,PA105,CALLE CASTILLA 51,Parada,43.455683372451,-3.81744363127729,,,,,Europe/Madrid
27137,PA106,CALLE CASTILLA 71,Parada,43.4544951970537,-3.82069474810328,,,,,Europe/Madrid
27393,PA107,CALLE CASTILLA 64,Parada,43.4530692002113,-3.8248471172328,,,,,Europe/Madrid
24065,PA94,LA LONJA,Parada,43.4532137848713,-3.82102287025773,,,,,Europe/Madrid
24321,PA95,MARQUES DE LA HERMIDA 36,Parada,43.4539537785206,-3.81833224220194,,,,,Europe/Madrid
24577,PA96,BARRIO PESQUERO,Parada,43.4520869472115,-3.81868106322685,,,,,Europe/Madrid
24833,PA97,PARQUE VARADERO,Parada,43.4539673031316,-3.81802775259899,,,,,Europe/Madrid
82177,PA321,MARQUES DE LA HERMIDA 15,Parada,43.4547560424457,-3.81538579043584,,,,,Europe/Madrid
25089,PA98,MARQUES DE LA HERMIDA 1,Parada,43.4556208390444,-3.81221983841514,,,,,Europe/Madrid
69889,PA273,ESTACIONES,Parada,43.4592578176515,-3.8105485019264,,,,,Europe/Madrid
16897,PA66,PLAZA BRISAS,Parada,43.4737873707775,-3.78522078210595,,,,,Europe/Madrid
17153,PA67,LOS CASTROS 20,Parada,43.4732967704259,-3.78794980965656,,,,,Europe/Madrid
17409,PA68,LOS CASTROS 38,Parada,43.4726186895926,-3.79154292163359,,,,,Europe/Madrid
25601,PA100,LOS CASTROS 39,Parada,43.4724185762151,-3.79200357642641,,,,,Europe/Madrid
25857,PA101,LOS CASTROS 23,Parada,43.4732106603998,-3.78782344480187,,,,,Europe/Madrid
132097,PA516,INTERCAMBIADOR SARDINERO,Parada,43.4776516720338,-3.79126056797857,,,,,Europe/Madrid
49665,PA194,INSTITUTO LAS LLAMAS,Parada,43.4732014157576,-3.79320975710979,,,,,Europe/Madrid
43777,PA171,ALCALDE VEGA LAMERA 1,Parada,43.473101417255,-3.79334692368064,,,,,Europe/Madrid
68609,PA268,MERCADO MEJICO,Parada,43.4580457188913,-3.82512825142965,,,,,Europe/Madrid
68865,PA269,CALLE ALTA 109,Parada,43.4583138146042,-3.82165999533296,,,,,Europe/Madrid
69121,PA270,CALLE ALTA 81,Parada,43.4587442930766,-3.81770638501634,,,,,Europe/Madrid
69377,PA271,CALLE ALTA 45,Parada,43.459582080526,-3.81515523000108,,,,,Europe/Madrid
69633,PA272,MONTE CALOCA,Parada,43.4607569753161,-3.81226833765021,,,,,Europe/Madrid
3329,PA13,AYUNTAMIENTO,Parada,43.461394307573,-3.80995712571358,,,,,Europe/Madrid
37377,PA146,CATEDRAL,Parada,43.4613477817518,-3.80715268598989,,,,,Europe/Madrid
67073,PA262,ESCOLAPIOS,Parada,43.4644114735017,-3.79476489970099,,,,,Europe/Madrid
67329,PA263,CANALEJAS 26,Parada,43.4647796897324,-3.79116455785875,,,,,Europe/Madrid
67585,PA264,CANALEJAS 42,Parada,43.464989278747,-3.78956700906051,,,,,Europe/Madrid
132609,PA518,CANALEJAS 90,Parada,43.4676635730951,-3.78740843490552,,,,,Europe/Madrid
34305,PA134,LOS PINARES,Parada,43.471312798059,-3.78767218349061,,,,,Europe/Madrid
33025,PA129,PLAZA DE ITALIA CASINO,Parada,43.4719898247437,-3.78217794104126,,,,,Europe/Madrid
33281,PA130,REINA VICTORIA 117,Parada,43.4698073879628,-3.77741099163149,,,,,Europe/Madrid
33537,PA131,LAS ESCLAVAS,Parada,43.4674478895198,-3.77938497969195,,,,,Europe/Madrid
33793,PA132,PEREZ GALDÓS 17,Parada,43.4663726660597,-3.78482423938283,,,,,Europe/Madrid
132865,PA519,CANALEJAS 93,Parada,43.4673545793651,-3.78733840622336,,,,,Europe/Madrid
128513,PA502,BARRIO CAMINO 27,Parada,43.4663630066211,-3.78826965305722,,,,,Europe/Madrid
128769,PA503,CENTRO DE SALUD,Parada,43.4662431055646,-3.79049689162061,,,,,Europe/Madrid
129025,PA504,TETUAN 41,Parada,43.4659446665449,-3.79347606487694,,,,,Europe/Madrid
111105,PA434,CALLE ALTA 28,Parada,43.4602340552016,-3.81231238694926,,,,,Europe/Madrid
109825,PA429,CALLE ALTA 46,Parada,43.4596159946119,-3.81537435309569,,,,,Europe/Madrid
110081,PA430,CALLE ALTA 56,Parada,43.4589301559322,-3.81742730843721,,,,,Europe/Madrid
110337,PA431,CALLE ALTA 80,Parada,43.4584147823925,-3.82158064674459,,,,,Europe/Madrid
110593,PA432,CALLE ARGENTINA 7,Parada,43.4572119993242,-3.82346949341097,,,,,Europe/Madrid
110849,PA433,PLAZA DE TOROS,Parada,43.4566761506719,-3.82660177929802,,,,,Europe/Madrid
67841,PA265,PEREZ GALDÓS 4,Parada,43.4666655380811,-3.78629706695834,,,,,Europe/Madrid
68097,PA266,PEREZ GALDÓS 18,Parada,43.4663643949287,-3.78383810321101,,,,,Europe/Madrid
68353,PA267,PEREZ GALDÓS 36,Parada,43.4672335042257,-3.77996499874158,,,,,Europe/Madrid
23553,PA92,JERONIMO SAINZ DE LA MAZA,Parada,43.4562488378583,-3.82700854657328,,,,,Europe/Madrid
114689,PA448,VALDECILLA SUR,Parada,43.4546429694979,-3.82759996215531,,,,,Europe/Madrid
23809,PA93,CANDINA,Parada,43.4530693803194,-3.82823455237575,,,,,Europe/Madrid
75009,PA293,AVENIDA PARAYAS 14,Parada,43.4491780418386,-3.83081055583278,,,,,Europe/Madrid
75265,PA294,AVENIDA PARAYAS 28,Parada,43.4468928821026,-3.83250142451018,,,,,Europe/Madrid
75521,PA295,AVENIDA PARAYAS 32,Parada,43.4448393688424,-3.83400825011761,,,,,Europe/Madrid
75777,PA296,ABILIO GARCIA BARON 1,Parada,43.4427937343744,-3.83743817938674,,,,,Europe/Madrid
76289,PA298,FRANCISCO TOMAS Y VALIENTE 7,Parada,43.4393233217701,-3.84089485091296,,,,,Europe/Madrid
76545,PA299,BARTOLOMÉ DARNIS,Parada,43.4399412463155,-3.84263673572747,,,,,Europe/Madrid
76801,PA300,COLEGIO NUEVA MONTAÑA,Parada,43.4392658930877,-3.84466650005665,,,,,Europe/Madrid
77057,PA301,SANTIAGO EL MAYOR 10,Parada,43.4396484921529,-3.84718449612826,,,,,Europe/Madrid
126721,PA495,EUSEBIO SANTAMARIA 2,Parada,43.4412002467566,-3.8514324791693,,,,,Europe/Madrid
126977,PA496,EUSEBIO SANTAMARIA,Parada,43.4387479076102,-3.85315052530065,,,,,Europe/Madrid
127233,PA497,CARMEN BRAVO VILLASANTE,Parada,43.4395992156514,-3.85527775927626,,,,,Europe/Madrid
127489,PA498,CARMEN BRAVO VILLASANTE 1,Parada,43.4424803995882,-3.85324216149254,,,,,Europe/Madrid
77313,PA302,SAN MARTÍN DEL PINO 24,Parada,43.4444936875803,-3.85195953010646,,,,,Europe/Madrid
77569,PA303,SAN MARTÍN DEL PINO 23,Parada,43.4455875831897,-3.84823455101266,,,,,Europe/Madrid
77825,PA304,INSTITUTOS,Parada,43.4467534020757,-3.85133081747275,,,,,Europe/Madrid
46593,PA182,COMPLEJO RUTH BEITIA,Parada,43.4601703741246,-3.85348180739256,,,,,Europe/Madrid
46849,PA183,POLIDEPORTIVO,Parada,43.4595936039545,-3.85595702906461,,,,,Europe/Madrid
47105,PA184,CRUCE VICENTE TRUEBA,Parada,43.4558105320172,-3.85629683266758,,,,,Europe/Madrid
61697,PA241,CARDENAL HERRERA ORIA 119,Parada,43.4549133546633,-3.85493642371332,,,,,Europe/Madrid
47361,PA185,CARDENAL HERRERA ORIA 95,Parada,43.4562035062655,-3.85061228341574,,,,,Europe/Madrid
121089,PA473,RICARDO LEON,Parada,43.4556378331344,-3.84875006677684,,,,,Europe/Madrid
47617,PA186,CARDENAL HERRERA ORIA 51,Parada,43.4577359967397,-3.84589641631559,,,,,Europe/Madrid
47873,PA187,CARDENAL HERRERA ORIA 31,Parada,43.4584459752381,-3.8431793943154,,,,,Europe/Madrid
48129,PA188,CARDENAL HERRERA ORIA 23,Parada,43.458738298103,-3.83871783957367,,,,,Europe/Madrid
48385,PA189,CARDENAL HERRERA ORIA 17,Parada,43.4589600384358,-3.8359812280909,,,,,Europe/Madrid
48641,PA190,CARDENAL HERRERA ORIA,Parada,43.4597023312563,-3.83390020959907,,,,,Europe/Madrid
48897,PA191,GENERAL DAVILA 125,Parada,43.4617310950416,-3.82880932783645,,,,,Europe/Madrid
49153,PA192,GENERAL DAVILA 117,Parada,43.4628339296383,-3.8248638247613,,,,,Europe/Madrid
36865,PA144,COLEGIO LA SALLE,Parada,43.4623787171477,-3.82377154097571,,,,,Europe/Madrid
37121,PA145,CAMILO ALONSO VEGA 19,Parada,43.4603287585349,-3.8257254506231,,,,,Europe/Madrid
44033,PA172,CAMILO ALONSO VEGA 9,Parada,43.4595045233259,-3.82645861288715,,,,,Europe/Madrid
49921,PA195,PALACIO DE EXPOSICIONES,Parada,43.4756330603032,-3.79157881528381,,,,,Europe/Madrid
56577,PA221,AVENIDA CANTABRIA 12,Parada,43.4789499120024,-3.7936361408818,,,,,Europe/Madrid
74241,PA290,AVENIDA CANTABRIA 28,Parada,43.4779058153997,-3.79649234226628,,,,,Europe/Madrid
51969,PA203,PADRE MENNI,Parada,43.4764050324835,-3.80251144409238,,,,,Europe/Madrid
118529,PA463,CALLE LA PEREDA 14,Parada,43.4780080478615,-3.80457496283945,,,,,Europe/Madrid
122625,PA479,MARQUES DE HAZAS 5,Parada,43.4766882469384,-3.80703468465282,,,,,Europe/Madrid
129537,PA506,AVENIDA CANTABRIA 76,Parada,43.4758582744806,-3.80654451611954,,,,,Europe/Madrid
52481,PA205,AVENIDA CANTABRIA 100,Parada,43.4752669696749,-3.80874886346664,,,,,Europe/Madrid
118273,PA462,JORGE SEPULVEDA 2,Parada,43.4744007530971,-3.81119009573172,,,,,Europe/Madrid
52737,PA206,BARRIO LA TORRE 2,Parada,43.4737331403102,-3.81556146319076,,,,,Europe/Madrid
52993,PA207,BARRIO LA TORRE 60,Parada,43.4714183782973,-3.82128985312199,,,,,Europe/Madrid
87041,PA340,BARRIO LA TORRE 76,Parada,43.4697625200483,-3.82466382670212,,,,,Europe/Madrid
53249,PA208,CALLE REPUENTE 16,Parada,43.4690657183874,-3.82835756205096,,,,,Europe/Madrid
53505,PA209,CALLE REPUENTE 19,Parada,43.467225291447,-3.83207149645046,,,,,Europe/Madrid
53761,PA210,CALLE REPUENTE 36,Parada,43.4642175905533,-3.83464232344604,,,,,Europe/Madrid
54017,PA211,LAVAPIES 34,Parada,43.4626420523093,-3.84034175315888,,,,,Europe/Madrid
54273,PA212,AVENIDA DEL DEPORTE 6,Parada,43.46121292223,-3.84785028809634,,,,,Europe/Madrid
60417,PA236,RUCANDIAL 28,Parada,43.4574691052127,-3.8690181906612,,,,,Europe/Madrid
124417,PA486,PCTCAN 2,Parada,43.4528328796326,-3.8713515396081,,,,,Europe/Madrid
113921,PA445,CEMENTERIO DE LLUJA,Parada,43.4505533129909,-3.8726208474598,,,,,Europe/Madrid
61185,PA239,PLAZA AMADOR TOCA,Parada,43.452847873461,-3.86551365868683,,,,,Europe/Madrid
125697,PA491,CALLE ADARZO 117,Parada,43.453203215629,-3.86279327787371,,,,,Europe/Madrid
61441,PA240,BARRIO HOSPITALILLO 97,Parada,43.4539241274805,-3.86008867689725,,,,,Europe/Madrid
70145,PA274,AVENIDA EL FARO 20,Parada,43.4811834089532,-3.78887537151628,,,,,Europe/Madrid
86017,PA336,AUTONOMIA,Parada,43.4824742063061,-3.79255329501126,,,,,Europe/Madrid
62465,PA244,INÉS DIEGO DEL NOVAL 50,Parada,43.4840485777205,-3.79880390158065,,,,,Europe/Madrid
62721,PA245,INÉS DIEGO DEL NOVAL 108,Parada,43.4820424326311,-3.80258385501297,,,,,Europe/Madrid
62977,PA246,INÉS DIEGO DEL NOVAL 152,Parada,43.4808167520188,-3.80534007100777,,,,,Europe/Madrid
63233,PA247,HERMANOS TONETTI 8,Parada,43.4827775228695,-3.80628378946091,,,,,Europe/Madrid
63489,PA248,HERMANOS TONETTI 16,Parada,43.4850056797633,-3.80702783019361,,,,,Europe/Madrid
79873,PA312,HERMANOS TONETTI 6,Parada,43.4826480523915,-3.80638445570521,,,,,Europe/Madrid
63745,PA249,CALLE ARRIBA 85,Parada,43.4788478733606,-3.809307187649,,,,,Europe/Madrid
64001,PA250,CALLE ARRIBA 31,Parada,43.4779929431478,-3.81212274221816,,,,,Europe/Madrid
64257,PA251,RESIDENCIA MAYORES DE CUETO,Parada,43.4767788238362,-3.8119563713888,,,,,Europe/Madrid
64513,PA252,CRUCE DE POLIO,Parada,43.4750176149298,-3.81041829128389,,,,,Europe/Madrid
117505,PA459,VERIDIANO ROJO,Parada,43.4777498302697,-3.81013024131322,,,,,Europe/Madrid
120577,PA471,CALLE ARRIBA 64,Parada,43.4789425558805,-3.80809123994471,,,,,Europe/Madrid
65025,PA254,INÉS DIEGO DEL NOVAL 61,Parada,43.480819452032,-3.80509737416504,,,,,Europe/Madrid
65281,PA255,INÉS DIEGO DEL NOVAL 55,Parada,43.4819852705337,-3.80254328076374,,,,,Europe/Madrid
65537,PA256,INÉS DIEGO DEL NOVAL 25,Parada,43.4840529952637,-3.79860981271953,,,,,Europe/Madrid
86273,PA337,JOSE MARIA GONZALEZ TREVILLA,Parada,43.4837406644624,-3.79670924857178,,,,,Europe/Madrid
76033,PA297,AUTONOMIA 8,Parada,43.4813714923152,-3.79532284707353,,,,,Europe/Madrid
85761,PA335,AUTONOMIA 9,Parada,43.4825180541432,-3.79200804442376,,,,,Europe/Madrid
71681,PA280,MUTUA MONTAÑESA,Parada,43.4816923179483,-3.78842001707691,,,,,Europe/Madrid
131841,PA515,INTERCAMBIADOR DEL SARDINERO 2,Parada,43.4775801410633,-3.79086260260011,,,,,Europe/Madrid
45313,PA177,CARDENAL HERRERA ORIA 42,Parada,43.4585262043404,-3.8433135121596,,,,,Europe/Madrid
45569,PA178,CARDENAL HERRERA ORIA 76,Parada,43.4576573546117,-3.84642423265278,,,,,Europe/Madrid
45825,PA179,RESIDENCIA SANTA LUCIA,Parada,43.4561528373416,-3.85141932246637,,,,,Europe/Madrid
46081,PA180,CARDENAL HERRERA ORIA 130,Parada,43.4549698490679,-3.85534065405659,,,,,Europe/Madrid
59905,PA234,BARRIO HOSPITALILLO 40,Parada,43.454006758217,-3.86016425500678,,,,,Europe/Madrid
125441,PA490,CALLE ADARZO 48,Parada,43.4532212856024,-3.86294785509125,,,,,Europe/Madrid
60161,PA235,ADARZO,Parada,43.4530906050613,-3.86546916551563,,,,,Europe/Madrid
130049,PA508,CALLE RUCANDIAL,Parada,43.4546137584387,-3.86651615882638,,,,,Europe/Madrid
131329,PA513,ESTACION DE AUTOBUSES 1,Parada,43.4595378446673,-3.8100538459442,,,,,Europe/Madrid
123137,PA481,PLAZA DE MEJICO,Parada,43.4578594528917,-3.82622087689874,,,,,Europe/Madrid
112129,PA438,CUESTA LA ATALAYA 2,Parada,43.4638273040753,-3.8077106947183,,,,,Europe/Madrid
88321,PA345,CUESTA LA ATALAYA 32,Parada,43.4653646798548,-3.80757194387093,,,,,Europe/Madrid
88577,PA346,MARIA CRISTINA,Parada,43.4661401570948,-3.80844652581736,,,,,Europe/Madrid
35841,PA140,LOS SALESIANOS,Parada,43.4675099475731,-3.80923918511893,,,,,Europe/Madrid
113153,PA442,GENERAL DAVILA 208,Parada,43.4675749250048,-3.81262025997536,,,,,Europe/Madrid
88833,PA347,VIA CORNELIA,Parada,43.4662780303286,-3.81290069279146,,,,,Europe/Madrid
89089,PA348,JUAN 23 NUMERO 2,Parada,43.4659251212798,-3.81189164444335,,,,,Europe/Madrid
116737,PA456,CALLE CERVANTES 29,Parada,43.4637826526764,-3.81106673253411,,,,,Europe/Madrid
116993,PA457,CALLE DEL MONTE 12,Parada,43.4638451984805,-3.81417486452964,,,,,Europe/Madrid
89601,PA350,CALLE EL MONTE 30,Parada,43.4646678865063,-3.81647685310287,,,,,Europe/Madrid
89857,PA351,FRANCISCO PALAZUELOS 13,Parada,43.4661088992129,-3.79926727716515,,,,,Europe/Madrid
103169,PA403,CORBAN,Parada,43.4650885007099,-3.86759568691789,,,,,Europe/Madrid
113409,PA443,EL MAZO,Parada,43.4666064021103,-3.8680864348022,,,,,Europe/Madrid
103425,PA404,EL MAZO 30,Parada,43.4678930035293,-3.86542819342586,,,,,Europe/Madrid
103681,PA405,EL MAZO 2,Parada,43.4691536666191,-3.85988246112686,,,,,Europe/Madrid
103937,PA406,BARRIO EL SOMO 55,Parada,43.4663991714833,-3.85904516115647,,,,,Europe/Madrid
104193,PA407,BARRIO EL SOMO 37,Parada,43.465991040894,-3.85656900899017,,,,,Europe/Madrid
104449,PA408,EL SOMO,Parada,43.4654505872138,-3.85381522471926,,,,,Europe/Madrid
104705,PA409,CORCEÑO 69,Parada,43.46213306488,-3.85697969006346,,,,,Europe/Madrid
46337,PA181,AVENIDA DEL DEPORTE 15,Parada,43.4595182873435,-3.85568587746899,,,,,Europe/Madrid
39169,PA153,COMPLEJO DEPORTIVO,Parada,43.4601311779402,-3.85258049746204,,,,,Europe/Madrid
119041,PA465,AVENIDA DEL DEPORTE 9,Parada,43.460941048775,-3.84875294460016,,,,,Europe/Madrid
39425,PA154,AVENIDA DEL DEPORTE 11,Parada,43.4612891340212,-3.84708024884885,,,,,Europe/Madrid
105217,PA411,AVENIDA DEL DEPORTE 3,Parada,43.4618394066318,-3.84455802524286,,,,,Europe/Madrid
105473,PA412,LA CAVADUCA,Parada,43.4624660816085,-3.84210752516171,,,,,Europe/Madrid
39681,PA155,LAVAPIES 1,Parada,43.4626219016685,-3.83880664784605,,,,,Europe/Madrid
105729,PA413,LA ALBERICIA 1,Parada,43.4617437364907,-3.83537321081504,,,,,Europe/Madrid
112897,PA441,EMILIO DIAZ CANEJA,Parada,43.4607906682966,-3.83314790538355,,,,,Europe/Madrid
91137,PA356,PLAZA DE LAS ESTACIONES,Parada,43.4590903526532,-3.81081313746924,,,,,Europe/Madrid
111617,PA436,PEDRO SAN MARTIN 8,Parada,43.4587740992928,-3.82790193209839,,,,,Europe/Madrid
93185,PA364,PEDRO SAN MARTIN 12,Parada,43.4604396759508,-3.82917339698526,,,,,Europe/Madrid
111873,PA437,EMILIO DIAZ CANEJA 2,Parada,43.4607728271009,-3.83284072915317,,,,,Europe/Madrid
99841,PA390,LA ALBERICIA 18,Parada,43.4618888391473,-3.83540413524298,,,,,Europe/Madrid
100609,PA393,AVENIDA DEL DEPORTE 2,Parada,43.4619487613453,-3.84438154171003,,,,,Europe/Madrid
100865,PA394,INSTITUTO ALBERICIA,Parada,43.4610319900156,-3.84869253396627,,,,,Europe/Madrid
101121,PA395,CASA DEL DEPORTE,Parada,43.4605858446637,-3.85081032744539,,,,,Europe/Madrid
101377,PA396,CORCEÑO,Parada,43.4625238343677,-3.85681350788144,,,,,Europe/Madrid
101633,PA397,BARRIO EL SOMO,Parada,43.4655266610445,-3.85392533093514,,,,,Europe/Madrid
101889,PA398,AMBULATORIO,Parada,43.4660323826265,-3.85650728655286,,,,,Europe/Madrid
102145,PA399,BARRIO EL SOMO 82,Parada,43.466459941262,-3.85897444333631,,,,,Europe/Madrid
102401,PA400,BARRIO EL SOMO 118,Parada,43.4658699985897,-3.86377627311313,,,,,Europe/Madrid
102657,PA401,CORBAN 2,Parada,43.4657369797474,-3.86757282186486,,,,,Europe/Madrid
99329,PA388,VIRGEN DEL MAR 18,Parada,43.4682294318224,-3.87016881919065,,,,,Europe/Madrid
102913,PA402,CIRIEGO,Parada,43.4716639419838,-3.86965680327712,,,,,Europe/Madrid
99585,PA389,VIRGEN DEL MAR 37,Parada,43.4690933137424,-3.87049795560288,,,,,Europe/Madrid
105985,PA414,LA GLORIA 8,Parada,43.4630034700376,-3.8391913071734,,,,,Europe/Madrid
106241,PA415,LA GLORIA 60,Parada,43.4642766094647,-3.84120885013397,,,,,Europe/Madrid
106497,PA416,LA GLORIA 120,Parada,43.4654723924335,-3.84397937682447,,,,,Europe/Madrid
106753,PA417,LA GLORIA 144,Parada,43.4653329508139,-3.84700618292394,,,,,Europe/Madrid
107009,PA418,LA GLORIA 234,Parada,43.4653833828332,-3.84989248150914,,,,,Europe/Madrid
107521,PA420,LA GLORIA 179,Parada,43.4653362041898,-3.85099341874995,,,,,Europe/Madrid
107777,PA421,LA GLORIA 157,Parada,43.4652519209848,-3.84700505125434,,,,,Europe/Madrid
108033,PA422,LA GLORIA 123,Parada,43.4653910887611,-3.84401533211167,,,,,Europe/Madrid
108289,PA423,LA GLORIA 43,Parada,43.4637897634837,-3.84072962517795,,,,,Europe/Madrid
108545,PA424,LA GLORIA 1,Parada,43.4629963853582,-3.83940815796437,,,,,Europe/Madrid
98305,PA384,CORBANERA,Parada,43.4794142948576,-3.82692600073479,,,,,Europe/Madrid
98561,PA385,CORBANERA 57,Parada,43.4783591253999,-3.82931991636426,,,,,Europe/Madrid
98817,PA386,CORBANERA 93,Parada,43.476234067405,-3.83169536134677,,,,,Europe/Madrid
95745,PA374,SAN PEDRO DEL MAR 91,Parada,43.4734467017303,-3.83127656399574,,,,,Europe/Madrid
99073,PA387,SAN PEDRO DEL MAR 51,Parada,43.4713067770695,-3.83022031754208,,,,,Europe/Madrid
97537,PA381,CALLE REPUENTE,Parada,43.4678330463632,-3.83029255368641,,,,,Europe/Madrid
58369,PA228,BAJADA DE SAN JUAN,Parada,43.465922928495,-3.8238648041196,,,,,Europe/Madrid
58625,PA229,BAJADA DEL CALERUCO,Parada,43.4641993290561,-3.83001472745778,,,,,Europe/Madrid
97793,PA382,CALERUCO 3,Parada,43.4622935055466,-3.83073145613273,,,,,Europe/Madrid
93441,PA365,CALERUCO,Parada,43.4620169463181,-3.83041455005647,,,,,Europe/Madrid
55297,PA216,AVENIDA LOS CASTROS 155,Parada,43.4643491870456,-3.82905550662928,,,,,Europe/Madrid
55553,PA217,AVENIDA LOS CASTROS 139,Parada,43.4659152570665,-3.8234673738642,,,,,Europe/Madrid
93953,PA367,GRUPO ATECA,Parada,43.4696877106715,-3.82654422923619,,,,,Europe/Madrid
94209,PA368,IGLESIA,Parada,43.4715958279534,-3.830379437376,,,,,Europe/Madrid
94465,PA369,SAN PEDRO DEL MAR 64,Parada,43.4734869176308,-3.83103342299639,,,,,Europe/Madrid
94721,PA370,CORBANERA 95,Parada,43.4763286694285,-3.83151415953235,,,,,Europe/Madrid
98049,PA383,CORBANERA 53,Parada,43.4782357434803,-3.82941009935568,,,,,Europe/Madrid
94977,PA371,EL CASTILLO,Parada,43.477328486439,-3.83456785331063,,,,,Europe/Madrid
95233,PA372,CORBANERA 162,Parada,43.4765255079225,-3.83595782224623,,,,,Europe/Madrid
95489,PA373,EL PARQUE,Parada,43.4732574415474,-3.83311828445936,,,,,Europe/Madrid
96001,PA375,BARRIO BOLADO 23,Parada,43.4733797398863,-3.82861840206622,,,,,Europe/Madrid
96257,PA376,BARRIO BOLADO 37,Parada,43.4738598750431,-3.82664932489535,,,,,Europe/Madrid
96513,PA377,BARRIO BOLADO 58,Parada,43.4744894800827,-3.82537426843779,,,,,Europe/Madrid
96769,PA378,CRUCE AVICHE,Parada,43.4754256302325,-3.82205310551783,,,,,Europe/Madrid
97025,PA379,AVICHE 37,Parada,43.4727459608113,-3.82298040344282,,,,,Europe/Madrid
97281,PA380,CANTEROS DE TRASMIERA 2,Parada,43.4710880795895,-3.82495706419254,,,,,Europe/Madrid
91905,PA359,PRIMERO DE MAYO 34,Parada,43.4433587617113,-3.85717883750639,,,,,Europe/Madrid
136449,PA533,PRIMERO MAYO 64,Parada,43.4407544371983,-3.85965131673395,,,,,Europe/Madrid
136705,PA534,RICARDO LOPEZ ARANDA 23,Parada,43.4408543578959,-3.86266715746251,,,,,Europe/Madrid
136961,PA535,RICARDO LOPEZ ARANDA 17,Parada,43.4427495037288,-3.86059836275619,,,,,Europe/Madrid
137217,PA536,JOSE ORTEGA Y GASSET 32,Parada,43.4448972170591,-3.8596511703099,,,,,Europe/Madrid
122113,PA477,JOSE ORTEGA Y GASSET 2,Parada,43.4461247720802,-3.86287788933165,,,,,Europe/Madrid
122369,PA478,CAMARREAL,Parada,43.447114231575,-3.86625001399392,,,,,Europe/Madrid
135169,PA528,JULIO JAURENA 3,Parada,43.4572663305294,-3.85773946675204,,,,,Europe/Madrid
39937,PA156,CALLE REPUENTE 43,Parada,43.4640093520051,-3.8348478804374,,,,,Europe/Madrid
40193,PA157,CALLE REPUENTE 26,Parada,43.4670345886641,-3.83187256209716,,,,,Europe/Madrid
40449,PA158,CALLE REPUENTE 15,Parada,43.4691102545543,-3.82812624048028,,,,,Europe/Madrid
86785,PA339,BARRIO LA TORRE 123,Parada,43.4699194766213,-3.82418763026554,,,,,Europe/Madrid
40705,PA159,BARRIO LA TORRE 95,Parada,43.4714214489138,-3.82105041417619,,,,,Europe/Madrid
135425,PA529,ERNEST LLUCH 25,Parada,43.4728378125613,-3.81379772145029,,,,,Europe/Madrid
135681,PA530,ERNEST LLUCH 17,Parada,43.4737915960689,-3.81031696269298,,,,,Europe/Madrid
135937,PA531,ERNEST LLUCH 9,Parada,43.4750383749414,-3.80615785994596,,,,,Europe/Madrid
136193,PA532,ERNEST LLUCH 3,Parada,43.4756945409474,-3.80359628406851,,,,,Europe/Madrid
41985,PA164,AVENIDA CANTABRIA 11,Parada,43.4774787155299,-3.79746515058107,,,,,Europe/Madrid
54529,PA213,AVENIDA CANTABRIA 10,Parada,43.4789587484249,-3.79306350893749,,,,,Europe/Madrid
127745,PA499,CAMARREAL 45,Parada,43.4470762593393,-3.86642483919435,,,,,Europe/Madrid
137473,PA537,JOSE ORTEGA Y GASSET 39,Parada,43.4457755923446,-3.86241171500527,,,,,Europe/Madrid
137729,PA538,JOSE ORTEGA Y GASSET 21,Parada,43.444786778889,-3.85975304283663,,,,,Europe/Madrid
137985,PA539,RICARDO LOPEZ ARANDA 18,Parada,43.4427916951438,-3.86069918142043,,,,,Europe/Madrid
92417,PA361,RICARDO LOPEZ ARANDA 22,Parada,43.4409486937053,-3.8627068056875,,,,,Europe/Madrid
92673,PA362,PRIMERO DE MAYO 9,Parada,43.4433651947578,-3.85686121050759,,,,,Europe/Madrid
138241,PA540,ERNEST LLUCH 2,Parada,43.4759542503827,-3.80278503603742,,,,,Europe/Madrid
138497,PA541,ERNEST LLUCH 10,Parada,43.4750973110326,-3.80624037117889,,,,,Europe/Madrid
138753,PA542,ERNEST LLUCH 18,Parada,43.473756232563,-3.81060580658324,,,,,Europe/Madrid
139009,PA543,ERNEST LLUCH 26,Parada,43.4729137435126,-3.81383212281761,,,,,Europe/Madrid
139265,PA544,JULIO JAURENA 4,Parada,43.4573906683003,-3.85778893673595,,,,,Europe/Madrid
38145,PA149,MENENDEZ PELAYO 14,Parada,43.4656243770828,-3.79799177799624,,,,,Europe/Madrid
38401,PA150,MENENDEZ PELAYO 46,Parada,43.466627612756,-3.79546213576598,,,,,Europe/Madrid
38657,PA151,MENENDEZ PELAYO 76,Parada,43.4670702592581,-3.79240276045852,,,,,Europe/Madrid
133633,PA522,MIRANDA,Parada,43.4681115925744,-3.78870616564604,,,,,Europe/Madrid
34817,PA136,GENERAL DAVILA 28,Parada,43.4685381166485,-3.79278157771094,,,,,Europe/Madrid
35073,PA137,GENERAL DAVILA 58,Parada,43.4685063322619,-3.79764843053668,,,,,Europe/Madrid
35329,PA138,GENERAL DAVILA 84,Parada,43.4675969318042,-3.80186587213011,,,,,Europe/Madrid
35585,PA139,GENERAL DAVILA 122,Parada,43.4673757838505,-3.80550374967979,,,,,Europe/Madrid
36097,PA141,GENERAL DAVILA 224,Parada,43.4672609304442,-3.81464673792337,,,,,Europe/Madrid
36353,PA142,GENERAL DAVILA 256,Parada,43.465358677801,-3.81763794301556,,,,,Europe/Madrid
36609,PA143,GENERAL DAVILA 266,Parada,43.4642644330862,-3.8202339254518,,,,,Europe/Madrid
44289,PA173,GRUPO SAN FRANCISCO,Parada,43.4629689492546,-3.82478259003564,,,,,Europe/Madrid
44545,PA174,GENERAL DAVILA 314,Parada,43.4616826723833,-3.82935281895769,,,,,Europe/Madrid
44801,PA175,FACULTAD DE MEDICINA,Parada,43.4595967910199,-3.8344815828743,,,,,Europe/Madrid
45057,PA176,CARDENAL HERRERA ORIA 26,Parada,43.4588199621294,-3.83885345532964,,,,,Europe/Madrid
112641,PA440,AVENIDA VICENTE TRUEBA 8,Parada,43.4557700768933,-3.85613199353375,,,,,Europe/Madrid
40961,PA160,BARRIO LA TORRE 1,Parada,43.4737621347448,-3.81519526195925,,,,,Europe/Madrid
41217,PA161,JORGE SEPULVEDA 11,Parada,43.4742208708181,-3.81147873865476,,,,,Europe/Madrid
41473,PA162,AVENIDA CANTABRIA 43,Parada,43.4750459983171,-3.80896624608348,,,,,Europe/Madrid
129281,PA505,AVENIDA CANTABRIA 35,Parada,43.4758754973351,-3.806132516586,,,,,Europe/Madrid
122881,PA480,MARQUES DE HAZAS,Parada,43.4768182749165,-3.80702095991657,,,,,Europe/Madrid
118785,PA464,CALLE LA PEREDA,Parada,43.4779697102394,-3.80439293853021,,,,,Europe/Madrid
41729,PA163,PADRE MENNI,Parada,43.4762418996015,-3.80294401910401,,,,,Europe/Madrid
123393,PA482,LUIS QUINTANILLA ISASI,Parada,43.4546192587577,-3.84976985873051,,,,,Europe/Madrid
123649,PA483,GERARDO DIEGO 1,Parada,43.455644288808,-3.84550942146213,,,,,Europe/Madrid
54785,PA214,GUTIERREZ SOLANA 13,Parada,43.4597582316046,-3.83861673639866,,,,,Europe/Madrid
55041,PA215,AVENIDA LOS CASTROS,Parada,43.4619562883655,-3.83397260843391,,,,,Europe/Madrid
55809,PA218,AVENIDA LOS CASTROS 119,Parada,43.4678840193282,-3.81729653478075,,,,,Europe/Madrid
6657,PA26,LOS CASTROS 95,Parada,43.4689780720582,-3.812896707642,,,,,Europe/Madrid
56321,PA220,TORRES QUEVEDO 12,Parada,43.4568463880835,-3.83538870916796,,,,,Europe/Madrid
57089,PA223,GERARDO DIEGO,Parada,43.4557390325955,-3.84582333326093,,,,,Europe/Madrid
57345,PA224,JOAQUIN BUSTAMANTE 10,Parada,43.4564725957699,-3.8397060031856,,,,,Europe/Madrid
57601,PA225,JOAQUIN BUSTAMANTE 5,Parada,43.4564651417597,-3.83575909261272,,,,,Europe/Madrid
57857,PA226,LOS CASTROS 62,Parada,43.469735364633,-3.80867681326709,,,,,Europe/Madrid
14081,PA55,LOS CASTROS 76,Parada,43.4691765527522,-3.81258893294308,,,,,Europe/Madrid
58113,PA227,AVENIDA LOS CASTROS 115,Parada,43.4679988884737,-3.81737559755794,,,,,Europe/Madrid
58881,PA230,LOS CASTROS 136,Parada,43.4620452732275,-3.83410523535667,,,,,Europe/Madrid
59137,PA231,GUTIERREZ SOLANA 34,Parada,43.4598826649171,-3.83882612354634,,,,,Europe/Madrid
133377,PA521,ESTACION,Parada,43.4587328674345,-3.81081540491118,,,,,Europe/Madrid
90625,PA354,FRANCISCO CACERES,Parada,43.4777835102245,-3.79709055066572,,,,,Europe/Madrid
71937,PA281,GENERAL DAVILA 15,Parada,43.4683866918701,-3.79154331181125,,,,,Europe/Madrid
134145,PA524,AVENIDA LOS INFANTES,Parada,43.4683416146682,-3.7876144266532,,,,,Europe/Madrid
128001,PA500,ORTEGA Y GASSET 28,Parada,43.4437257805282,-3.8570941795425,,,,,Europe/Madrid
38913,PA152,BAJADA DE LA ENCINA S/N,Parada,43.47068576432,-3.78903995329062,,,,,Europe/Madrid
109569,PA428,INSTITUTOS PEÑACASTILLO,Parada,43.4465104792564,-3.85233213178921,,,,,Europe/Madrid
